time(ms),code,data
15885,33264,0
15885,33024,2,0,0,3,0,1.730333,0.000000,0,179.994691,0.000000,0
